{"nodes":null,"selection":null,"view":{"scroll":{"x":-130.444122314453125,"y":-143.316558837890625},"visible_rect":{"max":{"x":1256.555908203125,"y":597.6834716796875},"min":{"x":-130.444122314453125,"y":-143.316558837890625}},"zoom":1}}