{"nodes":{"node:11":{"location":{"x":-72,"y":48}},"node:14":{"location":{"x":390,"y":128}},"node:17":{"location":{"x":600,"y":59}},"node:20":{"location":{"x":744,"y":-72}},"node:23":{"location":{"x":1046,"y":112}},"node:26":{"location":{"x":966,"y":-85}},"node:5":{"location":{"x":40,"y":267}},"node:8":{"location":{"x":248,"y":264}}},"selection":null,"view":{"scroll":{"x":-139.994583129882812,"y":-143.316558837890625},"visible_rect":{"max":{"x":1247.00537109375,"y":597.6834716796875},"min":{"x":-139.994583129882812,"y":-143.316558837890625}},"zoom":1}}