{"nodes":{"node:1":{"location":{"x":70,"y":27}},"node:4":{"location":{"x":358,"y":11}}},"selection":null,"view":{"scroll":{"x":-36.9329338073730469,"y":-106.978683471679688},"visible_rect":{"max":{"x":619.3780517578125,"y":328.01422119140625},"min":{"x":-24.6219558715820312,"y":-71.319122314453125}},"zoom":1.5}}