{"nodes":null,"selection":null,"view":{"scroll":{"x":-97.5016403198242188,"y":-141.274169921875},"visible_rect":{"max":{"x":1247.00537109375,"y":657.21087646484375},"min":{"x":-139.994583129882812,"y":-202.843963623046875}},"zoom":0.696467220783233643}}