{"nodes":{"node:1":{"location":{"x":206,"y":352}},"node:10":{"location":{"x":40,"y":20}},"node:13":{"location":{"x":-58,"y":240}},"node:16":{"location":{"x":262,"y":32}},"node:19":{"location":{"x":902,"y":320}},"node:22":{"location":{"x":566,"y":-40}},"node:25":{"location":{"x":310,"y":192}},"node:4":{"location":{"x":486,"y":276}},"node:7":{"location":{"x":712,"y":91}}},"selection":null,"view":{"scroll":{"x":-112.361671447753906,"y":-108.956344604492188},"visible_rect":{"max":{"x":1274.6383056640625,"y":627.04364013671875},"min":{"x":-112.361671447753906,"y":-108.956344604492188}},"zoom":1}}